{"neutral2.jpg": {"Angry": 0.050413644159302086, "Sad": 0.1875569216673975, "Neutral": 0.49333027626461406, "Surprise": 0.017764162702338455, "Fear": 0.20069186105326917, "Happy": 0.05024313415307886}, "happy.jpg": {"Angry": 0.029000827873372638, "Sad": 0.027033461097075214, "Neutral": 0.04467701222733192, "Surprise": 0.0016266763161353894, "Fear": 0.03123903016345719, "Happy": 0.8664229923226275}, "happy4.jpg": {"Angry": 0.0053171842709734745, "Sad": 0.026396974405133288, "Neutral": 0.013785154641931825, "Surprise": 0.003812044644392434, "Fear": 0.010918896330761214, "Happy": 0.9397697457068079}, "happy3.jpg": {"Angry": 0.05718952636298031, "Sad": 0.06855571248700323, "Neutral": 0.029527626601866655, "Surprise": 0.015153152403290212, "Fear": 0.05023084892187879, "Happy": 0.7793431332229802}, "happy2.jpg": {"Angry": 0.33855247096164875, "Sad": 0.06697268978373379, "Neutral": 0.30467648509584716, "Surprise": 0.008230093242458972, "Fear": 0.046372702456725624, "Happy": 0.23519555845958545}, "fear.jpg": {"Angry": 0.31576499638701055, "Sad": 0.27924706344197486, "Neutral": 0.2177115454611749, "Surprise": 0.0035335180308051915, "Fear": 0.16091787789247033, "Happy": 0.022824998786564046}}